{
  "per_run": {
    "bandit_seed42": {
      "overall": 0.535,
      "easy": 0.9411764705882353,
      "hard": 0.3959731543624161,
      "n_q": 107
    },
    "bandit_seed43": {
      "overall": 0.52,
      "easy": 0.9411764705882353,
      "hard": 0.37583892617449666,
      "n_q": 104
    },
    "bandit_seed44": {
      "overall": 0.45,
      "easy": 0.9411764705882353,
      "hard": 0.28187919463087246,
      "n_q": 90
    },
    "bandit_seed45": {
      "overall": 0.37,
      "easy": 0.9019607843137255,
      "hard": 0.18791946308724833,
      "n_q": 74
    },
    "drgrpo_seed42": {
      "overall": 0.43,
      "easy": 0.9411764705882353,
      "hard": 0.2550335570469799,
      "n_q": 86
    },
    "drgrpo_seed43": {
      "overall": 0.4,
      "easy": 0.9411764705882353,
      "hard": 0.21476510067114093,
      "n_q": 80
    },
    "drgrpo_seed44": {
      "overall": 0.35,
      "easy": 0.8823529411764706,
      "hard": 0.16778523489932887,
      "n_q": 70
    },
    "exact_seed42": {
      "overall": 0.435,
      "easy": 0.9411764705882353,
      "hard": 0.26174496644295303,
      "n_q": 87
    },
    "exact_seed43": {
      "overall": 0.52,
      "easy": 0.9411764705882353,
      "hard": 0.37583892617449666,
      "n_q": 104
    },
    "exact_seed44": {
      "overall": 0.515,
      "easy": 0.9607843137254902,
      "hard": 0.3624161073825503,
      "n_q": 103
    },
    "exact_seed45": {
      "overall": 0.43,
      "easy": 0.9607843137254902,
      "hard": 0.2483221476510067,
      "n_q": 86
    },
    "exact_seed46": {
      "overall": 0.475,
      "easy": 0.9411764705882353,
      "hard": 0.31543624161073824,
      "n_q": 95
    },
    "rho0.70_seed42": {
      "overall": 0.44,
      "easy": 0.9019607843137255,
      "hard": 0.28187919463087246,
      "n_q": 88
    },
    "rho0.70_seed43": {
      "overall": 0.545,
      "easy": 0.9411764705882353,
      "hard": 0.40939597315436244,
      "n_q": 109
    },
    "rho0.70_seed44": {
      "overall": 0.585,
      "easy": 0.9803921568627451,
      "hard": 0.44966442953020136,
      "n_q": 117
    },
    "rho0.70_seed45": {
      "overall": 0.465,
      "easy": 0.9019607843137255,
      "hard": 0.31543624161073824,
      "n_q": 93
    },
    "rho1.00_seed42": {
      "overall": 0.45,
      "easy": 0.9019607843137255,
      "hard": 0.2953020134228188,
      "n_q": 90
    },
    "rho1.00_seed42_adq": {
      "overall": 0.4,
      "easy": 0.8431372549019608,
      "hard": 0.2483221476510067,
      "n_q": 80
    },
    "rho1.00_seed42_exact": {
      "overall": 0.435,
      "easy": 0.9411764705882353,
      "hard": 0.26174496644295303,
      "n_q": 87
    },
    "rho1.00_seed43": {
      "overall": 0.455,
      "easy": 0.9411764705882353,
      "hard": 0.28859060402684567,
      "n_q": 91
    },
    "rho1.00_seed43_adq": {
      "overall": 0.445,
      "easy": 0.9607843137254902,
      "hard": 0.2684563758389262,
      "n_q": 89
    },
    "rho1.00_seed44": {
      "overall": 0.55,
      "easy": 0.9215686274509803,
      "hard": 0.4228187919463087,
      "n_q": 110
    },
    "rho1.00_seed44_adq": {
      "overall": 0.56,
      "easy": 1.0,
      "hard": 0.40939597315436244,
      "n_q": 112
    },
    "rho1.00_seed45_adq": {
      "overall": 0.46,
      "easy": 0.9607843137254902,
      "hard": 0.28859060402684567,
      "n_q": 92
    },
    "rho3.00_seed42": {
      "overall": 0.54,
      "easy": 0.9607843137254902,
      "hard": 0.3959731543624161,
      "n_q": 108
    },
    "rho3.00_seed43": {
      "overall": 0.47,
      "easy": 0.9607843137254902,
      "hard": 0.30201342281879195,
      "n_q": 94
    },
    "rho3.00_seed44": {
      "overall": 0.44,
      "easy": 0.9019607843137255,
      "hard": 0.28187919463087246,
      "n_q": 88
    },
    "spo_dup_seed42": {
      "overall": 0.425,
      "easy": 0.9215686274509803,
      "hard": 0.2550335570469799,
      "n_q": 85
    },
    "spo_dup_seed43": {
      "overall": 0.685,
      "easy": 1.0,
      "hard": 0.5771812080536913,
      "n_q": 137
    },
    "spo_dup_seed44": {
      "overall": 0.32,
      "easy": 0.7843137254901961,
      "hard": 0.1610738255033557,
      "n_q": 64
    },
    "spo_full_seed42": {
      "overall": 0.725,
      "easy": 0.9215686274509803,
      "hard": 0.6577181208053692,
      "n_q": 145
    },
    "spo_full_seed43": {
      "overall": 0.65,
      "easy": 0.9803921568627451,
      "hard": 0.5369127516778524,
      "n_q": 130
    },
    "spo_full_seed44": {
      "overall": 0.595,
      "easy": 0.9803921568627451,
      "hard": 0.46308724832214765,
      "n_q": 119
    },
    "spo_full_seed46": {
      "overall": 0.88,
      "easy": 0.9607843137254902,
      "hard": 0.8523489932885906,
      "n_q": 176
    },
    "spo_full_seed47": {
      "overall": 0.7,
      "easy": 0.9803921568627451,
      "hard": 0.6040268456375839,
      "n_q": 140
    },
    "spo_full_seed48": {
      "overall": 0.82,
      "easy": 0.9803921568627451,
      "hard": 0.7651006711409396,
      "n_q": 164
    },
    "spo_full_seed49": {
      "overall": 0.66,
      "easy": 0.9803921568627451,
      "hard": 0.5503355704697986,
      "n_q": 132
    },
    "spo_full_seed50": {
      "overall": 0.67,
      "easy": 0.9803921568627451,
      "hard": 0.5637583892617449,
      "n_q": 134
    },
    "spo_full_seed51": {
      "overall": 0.545,
      "easy": 0.9607843137254902,
      "hard": 0.40268456375838924,
      "n_q": 109
    },
    "spo_only_seed42": {
      "overall": 0.585,
      "easy": 0.9411764705882353,
      "hard": 0.46308724832214765,
      "n_q": 117
    },
    "spo_only_seed43": {
      "overall": 0.585,
      "easy": 0.9803921568627451,
      "hard": 0.44966442953020136,
      "n_q": 117
    },
    "spo_only_seed44": {
      "overall": 0.395,
      "easy": 0.8627450980392157,
      "hard": 0.2348993288590604,
      "n_q": 79
    }
  },
  "grouped": {
    "bandit": [
      {
        "overall": 0.535,
        "easy": 0.9411764705882353,
        "hard": 0.3959731543624161,
        "n_q": 107
      },
      {
        "overall": 0.52,
        "easy": 0.9411764705882353,
        "hard": 0.37583892617449666,
        "n_q": 104
      },
      {
        "overall": 0.45,
        "easy": 0.9411764705882353,
        "hard": 0.28187919463087246,
        "n_q": 90
      },
      {
        "overall": 0.37,
        "easy": 0.9019607843137255,
        "hard": 0.18791946308724833,
        "n_q": 74
      }
    ],
    "other": [
      {
        "overall": 0.43,
        "easy": 0.9411764705882353,
        "hard": 0.2550335570469799,
        "n_q": 86
      },
      {
        "overall": 0.4,
        "easy": 0.9411764705882353,
        "hard": 0.21476510067114093,
        "n_q": 80
      },
      {
        "overall": 0.35,
        "easy": 0.8823529411764706,
        "hard": 0.16778523489932887,
        "n_q": 70
      },
      {
        "overall": 0.435,
        "easy": 0.9411764705882353,
        "hard": 0.26174496644295303,
        "n_q": 87
      },
      {
        "overall": 0.52,
        "easy": 0.9411764705882353,
        "hard": 0.37583892617449666,
        "n_q": 104
      },
      {
        "overall": 0.515,
        "easy": 0.9607843137254902,
        "hard": 0.3624161073825503,
        "n_q": 103
      },
      {
        "overall": 0.43,
        "easy": 0.9607843137254902,
        "hard": 0.2483221476510067,
        "n_q": 86
      },
      {
        "overall": 0.475,
        "easy": 0.9411764705882353,
        "hard": 0.31543624161073824,
        "n_q": 95
      },
      {
        "overall": 0.425,
        "easy": 0.9215686274509803,
        "hard": 0.2550335570469799,
        "n_q": 85
      },
      {
        "overall": 0.685,
        "easy": 1.0,
        "hard": 0.5771812080536913,
        "n_q": 137
      },
      {
        "overall": 0.32,
        "easy": 0.7843137254901961,
        "hard": 0.1610738255033557,
        "n_q": 64
      },
      {
        "overall": 0.725,
        "easy": 0.9215686274509803,