{
  "per_run": {
    "bandit_seed42": {
      "overall": 0.535,
      "easy": 0.9411764705882353,
      "hard": 0.3959731543624161,
      "n_q": 107
    },
    "bandit_seed43": {
      "overall": 0.52,
      "easy": 0.9411764705882353,
      "hard": 0.37583892617449666,
      "n_q": 104
    },
    "bandit_seed44": {
      "overall": 0.45,
      "easy": 0.9411764705882353,
      "hard": 0.28187919463087246,
      "n_q": 90
    },
    "rho0.70_seed42": {
      "overall": 0.44,
      "easy": 0.9019607843137255,
      "hard": 0.28187919463087246,
      "n_q": 88
    },
    "rho0.70_seed43": {
      "overall": 0.545,
      "easy": 0.9411764705882353,
      "hard": 0.40939597315436244,
      "n_q": 109
    },
    "rho0.70_seed44": {
      "overall": 0.585,
      "easy": 0.9803921568627451,
      "hard": 0.44966442953020136,
      "n_q": 117
    },
    "rho1.00_seed42": {
      "overall": 0.45,
      "easy": 0.9019607843137255,
      "hard": 0.2953020134228188,
      "n_q": 90
    },
    "rho1.00_seed42_adq": {
      "overall": 0.4,
      "easy": 0.8431372549019608,
      "hard": 0.2483221476510067,
      "n_q": 80
    },
    "rho1.00_seed43": {
      "overall": 0.455,
      "easy": 0.9411764705882353,
      "hard": 0.28859060402684567,
      "n_q": 91
    },
    "rho1.00_seed43_adq": {
      "overall": 0.445,
      "easy": 0.9607843137254902,
      "hard": 0.2684563758389262,
      "n_q": 89
    },
    "rho1.00_seed44": {
      "overall": 0.55,
      "easy": 0.9215686274509803,
      "hard": 0.4228187919463087,
      "n_q": 110
    },
    "rho1.00_seed44_adq": {
      "overall": 0.56,
      "easy": 1.0,
      "hard": 0.40939597315436244,
      "n_q": 112
    },
    "rho3.00_seed42": {
      "overall": 0.54,
      "easy": 0.9607843137254902,
      "hard": 0.3959731543624161,
      "n_q": 108
    },
    "rho3.00_seed43": {
      "overall": 0.47,
      "easy": 0.9607843137254902,
      "hard": 0.30201342281879195,
      "n_q": 94
    },
    "rho3.00_seed44": {
      "overall": 0.44,
      "easy": 0.9019607843137255,
      "hard": 0.28187919463087246,
      "n_q": 88
    }
  },
  "grouped": {
    "bandit": [
      {
        "overall": 0.535,
        "easy": 0.9411764705882353,
        "hard": 0.3959731543624161,
        "n_q": 107
      },
      {
        "overall": 0.52,
        "easy": 0.9411764705882353,
        "hard": 0.37583892617449666,
        "n_q": 104
      },
      {
        "overall": 0.45,
        "easy": 0.9411764705882353,
        "hard": 0.28187919463087246,
        "n_q": 90
      }
    ],
    "fixed rho=0.70": [
      {
        "overall": 0.44,
        "easy": 0.9019607843137255,
        "hard": 0.28187919463087246,
        "n_q": 88
      },
      {
        "overall": 0.545,
        "easy": 0.9411764705882353,
        "hard": 0.40939597315436244,
        "n_q": 109
      },
      {
        "overall": 0.585,
        "easy": 0.9803921568627451,
        "hard": 0.44966442953020136,
        "n_q": 117
      }
    ],
    "fixed rho=1.00": [
      {
        "overall": 0.45,
        "easy": 0.9019607843137255,
        "hard": 0.2953020134228188,
        "n_q": 90
      },
      {
        "overall": 0.455,
        "easy": 0.9411764705882353,
        "hard": 0.28859060402684567,
        "n_q": 91
      },
      {
        "overall": 0.55,
        "easy": 0.9215686274509803,
        "hard": 0.4228187919463087,
        "n_q": 110
      }
    ],
    "ADQ (init rho=1.0)": [
      {
        "overall": 0.4,
        "easy": 0.8431372549019608,
        "hard": 0.2483221476510067,
        "n_q": 80
      },
      {
        "overall": 0.445,
        "easy": 0.9607843137254902,
        "hard": 0.2684563758389262,
        "n_q": 89
      },
      {
        "overall": 0.56,
        "easy": 1.0,
        "hard": 0.40939597315436244,
        "n_q": 112
      }
    ],
    "fixed rho=3.00": [
      {
        "overall": 0.54,
        "easy": 0.9607843137254902,
        "hard": 0.3959731543624161,
        "n_q": 108
      },
      {
        "overall": 0.47,
        "easy": 0.9607843137254902,
        "hard": 0.30201342281879195,
        "n_q": 94
      },
      {
        "overall": 0.44,
        "easy": 0.9019607843137255,
        "hard": 0.28187919463087246,
        "n_q": 88
      }
    ]
  },
  "n_easy": 51,
  "n_hard": 149
}