{
  "per_run_acc": {
    "rho0.70_seed42": 0.47,
    "rho0.70_seed43": 0.57,
    "rho0.70_seed44": 0.61,
    "rho1.00_seed42_adq": 0.39,
    "rho1.00_seed43": 0.41,
    "rho1.00_seed43_adq": 0.48,
    "rho1.00_seed44": 0.53,
    "rho3.00_seed43": 0.48,
    "rho3.00_seed44": 0.46,
    "rho1.00_seed44_adq": 0.56,
    "rho3.00_seed42": 0.57,
    "rho1.00_seed42": 0.43
  },
  "per_run_reward": {
    "rho1.00_seed43": 0.75,
    "rho0.70_seed44": 0.75,
    "rho1.00_seed42_adq": 0.875,
    "rho1.00_seed44": 0.75,
    "rho3.00_seed43": 0.5,
    "rho0.70_seed43": 0.875,
    "rho3.00_seed44": 0.625,
    "rho1.00_seed44_adq": 0.625,
    "rho1.00_seed43_adq": 0.5,
    "rho1.00_seed45_adq": 0.5,
    "rho3.00_seed42": 0.75,
    "rho0.70_seed42": 0.625,
    "rho1.00_seed42": 0.625,
    "rho0.70_seed45": 0.5
  },
  "grouped": {
    "fixed rho=0.70": [
      0.47,
      0.57,
      0.61
    ],
    "ADQ (init rho=1.0)": [
      0.39,
      0.48,
      0.56
    ],
    "fixed rho=1.00": [
      0.41,
      0.53,
      0.43
    ],
    "fixed rho=3.00": [
      0.48,
      0.46,
      0.57
    ]
  },
  "grouped_stats": {
    "fixed rho=0.70": {
      "n": 3,
      "mean": 0.5499999999999999,
      "std": 0.0721110255092798
    },
    "ADQ (init rho=1.0)": {
      "n": 3,
      "mean": 0.47666666666666674,
      "std": 0.08504900548115384
    },
    "fixed rho=1.00": {
      "n": 3,
      "mean": 0.4566666666666666,
      "std": 0.06429100507328639
    },
    "fixed rho=3.00": {
      "n": 3,
      "mean": 0.5033333333333333,
      "std": 0.058594652770823125
    }
  }
}